State,Park,RecreationVisitors,RecreationVisitors%,RecreationVisitorDays,RecreationVisitorDays%,NonRecreationVisitors,NonRecreationVisitors%,RecreationVisitorHours,RecreationVisitorHours%,NonRecreationVisitorHours,NonRecreationVisitorHours%
Alabama,Horseshoe Bend NMP,64063,-0.1191,15074,-0.1503,0,,180897,-0.1503,0,
Alabama,Little River Canyon NPRES,763209,0.08929999999999999,153069,0.054000000000000006,0,,1836829,0.054000000000000006,0,
Alabama,Natchez Trace PKWY,515538,0.0855,173325,0.0852,657693,0.0,2079900,0.0852,657693,0.0
Alabama,Russell Cave NM,9261,0.0672,860,-0.0171,0,,10324,-0.0175,0,
Alabama,Tuskegee Airmen NHS,28474,0.2895,3559,0.2895,0,,42711,0.2895,0,
Alabama,Tuskegee Institute NHS,10037,0.21969999999999998,439,-0.0873,0,,5279,-0.08650000000000001,0,
Alaska,Alagnak Wild River,278,0.20350000000000001,795,1.2331,109,0.21109999999999998,9546,1.2319,3826,2.3328
Alaska,Aniakchak NM & PRES,191,-0.04019999999999999,771,0.25980000000000003,63,-0.4375,9257,0.2589,9661,-0.33299999999999996
Alaska,Bering Land Bridge NPRES,2642,0.0,2906,0.0,1126,-0.0018,34878,0.0,20624,0.0016
Alaska,Cape Krusenstern NM,17736,-0.004699999999999999,16105,-0.0152,7297,-0.0675,193262,-0.015300000000000001,195800,-0.052300000000000006
Alaska,Denali NP & PRES,466227,-0.0652,468584,-0.0605,887033,0.0472,5623015,-0.0605,221758,0.0472
Alaska,Gates of the Arctic NP & PRES,11907,0.078,7611,-0.098,0,,91332,-0.098,0,
Alaska,Glacier Bay NP & PRES,736282,0.0464,774047,0.0473,771,0.6834,9288569,0.0473,165480,0.722
Alaska,Katmai NP & PRES,36230,0.0731,48472,-0.046,7547,0.07429999999999999,581674,-0.046,82744,-0.18350000000000002
Alaska,Kenai Fjords NP,419468,0.0824,111645,0.0825,0,,1339748,0.0825,0,
Alaska,Klondike Gold Rush NHP Alaska,1336008,0.04019999999999999,462102,0.08289999999999999,0,,5545231,0.08289999999999999,0,
Alaska,Kobuk Valley NP,17233,-0.0217,17936,-0.0482,7621,-0.0103,215242,-0.0482,225512,-0.033
Alaska,Lake Clark NP & PRES,18505,0.10619999999999999,17992,0.5165,3214,-0.0028000000000000004,215914,0.5165,73198,0.9333
Alaska,Noatak NPRES,18311,-0.0417,33076,-0.0496,8332,-0.0255,396917,-0.0496,201872,-0.044199999999999996
Alaska,Sitka NHP,309327,0.6984999999999999,15568,0.6973,0,,186822,0.6973,0,
Alaska,Wrangell-St. Elias NP & PRES,81670,0.043,313072,0.043,0,,3756871,0.043,0,
Alaska,Yukon-Charley Rivers NPRES,1700,0.6815000000000001,24083,3.2266000000000004,0,,289000,3.2263,0,
American Samoa,National Park of American Samoa,22567,0.8597,3761,0.86,0,,45137,0.8595999999999999,0,
Arizona,Canyon de Chelly NM,387433,0.16219999999999998,222595,0.1516,567325,0.20379999999999998,2671143,0.1516,1134649,0.20379999999999998
Arizona,Casa Grande Ruins NM,104429,-0.0625,11853,-0.0625,2160,0.0,142243,-0.0625,216,0.0
Arizona,Chiricahua NM,71390,0.1407,35766,0.0384,3600,0.0,429196,0.0383,1200,0.0
Arizona,Coronado NMEM,164426,0.17370000000000002,13097,0.1408,2508,0.0,157172,0.1408,1248,0.0
Arizona,Fort Bowie NHS,8483,0.018000000000000002,1423,0.0179,0,,17087,0.018500000000000003,0,
Arizona,Glen Canyon NRA,1142900,0.0016,391254,-0.15380000000000002,22183,-0.0358,4695057,-0.1537,266179,-0.0358
Arizona,Grand Canyon NP,4919163,0.0392,6423732,0.0409,21010,0.6764,77084784,0.0409,21010,0.6764
Arizona,Hubbell Trading Post NHS,46419,-0.1434,1998,-0.1436,4584,0.0,23984,-0.1433,1056,0.0
Arizona,Lake Mead NRA,1603215,0.1059,970982,0.0877,69681,0.18710000000000002,11651788,0.0877,418081,0.18710000000000002
Arizona,Montezuma Castle NM,379967,0.0347,31663,0.0346,0,,379967,0.0347,0,
Arizona,Navajo NM,58442,0.32280000000000003,13318,0.1862,1222,-0.1549,159825,0.1862,305,-0.1528
Arizona,Organ Pipe Cactus NM,182612,-0.021400000000000002,102440,0.3154,197754,-0.23329999999999998,1229286,0.3154,98876,-0.23329999999999998
Arizona,Petrified Forest NP,559254,0.0745,120287,0.0687,120,0.0,1443448,0.0687,120,0.0
Arizona,Pipe Spring NM,24530,0.021400000000000002,3066,0.0217,404,0.0,36794,0.021400000000000002,900,0.0
Arizona,Saguaro NP,946369,-0.0638,141564,-0.1001,4501598,0.024300000000000002,1698769,-0.1001,1125400,0.024300000000000002
Arizona,Sunset Crater Volcano NM,73260,-0.1013,7631,-0.1013,12000,0.0,91577,-0.1013,3996,0.0
Arizona,Tonto NM,30840,-0.012,4521,-0.0472,0,,54259,-0.0472,0,
Arizona,Tumacacori NHP,35256,-0.0691,4407,-0.2546,0,,52885,-0.2546,0,
Arizona,Tuzigoot NM,108283,0.0519,9023,0.0519,0,,108283,0.0519,0,
Arizona,Walnut Canyon NM,187205,0.22719999999999999,20280,0.22719999999999999,480,0.0,243366,0.22719999999999999,240,0.0
Arizona,Wupatki NM,220205,0.0209,73401,0.0209,6513,-0.0028000000000000004,880819,0.0209,3909,-0.0028000000000000004
Arkansas,Arkansas Post NMEM,26203,0.046799999999999994,3275,0.0467,0,,39303,0.0467,0,
Arkansas,Buffalo NR,1686348,0.0883,750969,0.1011,0,,9011629,0.1011,0,
Arkansas,Fort Smith NHS,124486,-0.0788,13797,-0.0787,0,,165567,-0.0788,0,
Arkansas,Hot Springs NP,2461812,-0.016399999999999998,598394,0.0484,160722,0.0679,7180736,0.0484,183221,0.0679
Arkansas,Little Rock Central High School NHS,63767,0.08869999999999999,5313,0.08869999999999999,0,,63767,0.08869999999999999,0,
Arkansas,Pea Ridge NMP,102621,-0.4018,17103,-0.4018,0,,205244,-0.4018,0,
Arkansas,President W.J. Clinton Birthplace Home NHS,6215,0.2371,517,0.2368,0,,6215,0.2371,0,
California,Cabrillo NM,845912,0.0441,105420,0.0441,81792,0.0,1265044,0.0441,20447,0.0
California,Cesar E. Chavez NM,26641,1.2187999999999999,1109,1.218,0,,13317,1.218,0,
California,Channel Islands NP,262581,-0.20129999999999998,188605,-0.46799999999999997,7852,-0.35619999999999996,2263265,-0.46799999999999997,188448,-0.3563
California,Death Valley NP,1440421,0.31,867844,0.2728,57328,0.2982,10414131,0.2728,85990,0.2982
California,Devils Postpile NM,94215,0.09380000000000001,27479,0.09390000000000001,0,,329753,0.09390000000000001,0,
California,Eugene O'Neill NHS,17653,0.1362,1223,0.0737,0,-1.0,14682,0.07400000000000001,0,-1.0
California,Fort Point NHS,1189908,0.31670000000000004,56808,0.32420000000000004,0,,681703,0.32420000000000004,0,
California,Golden Gate NRA,17187508,0.1494,3775773,0.1605,0,,45309286,0.1605,0,
California,John Muir NHS,45753,-0.10060000000000001,5719,-0.10060000000000001,109,3.9545,68632,-0.10060000000000001,27,3.5
California,Joshua Tree NP,2991874,-0.0852,1484040,-0.0703,10704,-0.12050000000000001,17808480,-0.0703,10704,-0.12050000000000001
California,Kings Canyon NP,699389,0.0876,1948108,0.0709,25305,0.0446,23377306,0.0709,101220,0.0446
California,Lassen Volcanic NP,357651,-0.1464,312299,-0.0885,0,,3747597,-0.0885,0,
California,Lava Beds NM,127563,-0.0632,34583,-0.1043,771,0.0,415002,-0.1043,381,0.0
California,Manzanar NHS,93854,-0.1097,11731,-0.1097,0,,140781,-0.1097,0,
California,Mojave NPRES,424864,-0.6396000000000001,217048,-0.6335999999999999,0,,2604580,-0.6335999999999999,0,
California,Muir Woods NM,792494,-0.0212,88032,-0.0212,0,,1056395,-0.0212,0,
California,Pinnacles NP,354076,0.0377,186658,0.1634,0,,2239900,0.1634,0,
California,Point Reyes NS,2371800,0.045700000000000005,922230,0.047599999999999996,25788,0.0,11066761,0.047599999999999996,25788,0.0
California,Port Chicago Naval Magazine NMEM,930,0.2173,155,0.2205,0,,1860,0.2173,0,
California,Redwood NP,622883,0.5226,206449,0.39649999999999996,10824,0.0,2477392,0.39649999999999996,2724,0.0
California,Rosie The Riveter WWII Home Front NHP,34913,-0.1246,8728,-0.1246,0,,104739,-0.1246,0,
California,San Francisco Maritime NHP,2535134,0.43270000000000003,199141,0.4191,0,,2389697,0.4191,0,
California,Santa Monica Mountains NRA,639745,-0.1575,92665,-0.2837,37308,-0.2487,1111988,-0.2837,19192,-0.24350000000000002
California,Sequoia NP,1309573,0.33549999999999996,3433124,0.2787,13743,-0.0025,41197495,0.2787,54972,-0.0025
California,Tule Lake NM,3810,0.3951,337,0.6439,0,,4049,0.6433,0,
California,Whiskeytown NRA,812244,-0.1174,241397,-0.1366,5875,-0.0179,2896774,-0.1366,11277,-0.0048
California,Yosemite NP,4121807,0.057699999999999994,5016295,0.1563,163922,0.023399999999999997,60195540,0.1563,4264527,0.0045000000000000005
Colorado,Amache NHS,4771,,397,,336,,4771,,978,
Colorado,Bent's Old Fort NHS,16102,-0.1834,2348,-0.1833,0,,28179,-0.1834,0,
Colorado,Black Canyon of the Gunnison NP,335862,-0.0594,154134,-0.035699999999999996,0,,1849616,-0.035699999999999996,0,
Colorado,Colorado NM,488038,0.0038,122037,-0.07730000000000001,366138,0.034,1464444,-0.07730000000000001,183068,0.034
Colorado,Curecanti NRA,980899,0.024300000000000002,345692,-0.006999999999999999,0,,4148311,-0.006999999999999999,0,
Colorado,Dinosaur NM,238364,-0.013500000000000002,128267,-0.0327,0,,1539211,-0.0327,0,
Colorado,Florissant Fossil Beds NM,71499,0.1217,7558,0.1747,0,,90700,0.1747,0,
Colorado,Great Sand Dunes NP & PRES,437661,-0.1456,253713,0.0259,470,0.0,3044557,0.0259,470,0.0
Colorado,Hovenweep NM,13848,-0.10679999999999999,4771,0.1745,132,0.0,57252,0.1745,24,0.0
Colorado,Mesa Verde NP,480065,-0.049699999999999994,266984,-0.091,11246,-0.0518,3203809,-0.091,11246,-0.0518
Colorado,Rocky Mountain NP,4154349,0.009399999999999999,2317605,0.0364,8750,0.0,27811271,0.0364,26250,0.0
Colorado,Sand Creek Massacre NHS,6401,0.0933,1024,0.0928,0,,12297,0.0929,0,
Connecticut,Weir Farm NHP,34246,-0.056900000000000006,5246,-0.0472,0,,62952,-0.0473,0,
Delaware,First State NHP,192220,0.5206000000000001,44407,0.7863,60,0.0,532891,0.7863,480,0.0
District of Columbia,Belmont-Paul Women's Equality NM,7704,2.7876,642,2.7988,0,,7704,2.7876,0,
District of Columbia,Carter G. Woodson Home NHS,30,,1,,0,,15,,0,
District of Columbia,Chesapeake & Ohio Canal NHP,1061104,-0.011000000000000001,188155,-0.0137,2856,0.0,2257866,-0.0137,2856,0.0
District of Columbia,Dwight D. Eisenhower MEM,731476,0.0959,30478,0.0959,0,,365739,0.0959,0,
District of Columbia,Ford's Theatre NHS,457132,0.16260000000000002,54213,0.20149999999999998,4125,-0.4775,650564,0.20149999999999998,12375,-0.4775
District of Columbia,Franklin Delano Roosevelt MEM,3225923,-0.022099999999999998,134413,-0.022099999999999998,0,,1612960,-0.022099999999999998,0,
District of Columbia,Frederick Douglass NHS,25836,1.0022,2153,1.0028,0,,25836,1.0022,0,
District of Columbia,Korean War Veterans MEM,4344305,0.0513,181012,0.0513,0,,2172151,0.0513,0,
District of Columbia,Lincoln Memorial,8479349,0.046900000000000004,353306,0.046900000000000004,0,,4239675,0.046900000000000004,0,
District of Columbia,"Martin Luther King, Jr. MEM",3251594,-0.027000000000000003,135483,-0.0269,0,,1625798,-0.0269,0,
District of Columbia,Mary McLeod Bethune Council House NHS,3338,-0.056299999999999996,556,-0.055999999999999994,0,,6676,-0.056299999999999996,0,
District of Columbia,National Capital Parks Central,1034341,-0.0222,71139,-0.049,0,,853677,-0.049,0,
District of Columbia,National Capital Parks East,1144014,0.014499999999999999,162577,0.0171,6752229,0.0708,1950932,0.0171,2578453,0.0452
District of Columbia,Pennsylvania Avenue NHS,141840,0.027000000000000003,3900,0.0269,0,,46807,0.027000000000000003,0,
District of Columbia,President's Park,915636,0.0206,109335,0.021400000000000002,0,,1312030,0.021400000000000002,0,
District of Columbia,Rock Creek Park,1917170,0.0546,180660,0.21289999999999998,12421269,0.0001,2167925,0.21289999999999998,6210631,0.0001
District of Columbia,Thomas Jefferson MEM,2915319,-0.0233,121471,-0.0233,0,,1457660,-0.0233,0,
District of Columbia,Vietnam Veterans MEM,5295711,0.0509,220654,0.0508,0,,2647856,0.0509,0,
District of Columbia,Washington Monument,247208,-0.0062,20600,-0.0062,0,,247208,-0.0062,0,
District of Columbia,White House,517030,-0.0662,28116,-0.3122,0,,337402,-0.3122,0,
District of Columbia,World War I MEM,1084897,-0.0067,45204,-0.0067,0,,542448,-0.0067,0,
District of Columbia,World War II MEM,5160769,0.008100000000000001,215031,0.008,0,,2580383,0.008100000000000001,0,
Florida,Big Cypress NPRES,2216708,0.2005,388900,0.1216,0,,4666808,0.1216,0,
Florida,Biscayne NP,512213,-0.1033,131669,-0.127,0,,1580031,-0.127,0,
Florida,Canaveral NS,1884091,-0.0669,398061,-0.069,0,,4776737,-0.069,0,
Florida,Castillo de San Marcos NM,579825,-0.10339999999999999,36239,-0.10339999999999999,0,,434870,-0.10339999999999999,0,
Florida,De Soto NMEM,155016,-0.33149999999999996,21314,-0.33149999999999996,0,,255777,-0.33149999999999996,0,
Florida,Dry Tortugas NP,84873,0.006999999999999999,51658,-0.014199999999999999,1710,0.0634,619897,-0.014199999999999999,20520,0.0634
Florida,Everglades NP,741983,-0.0842,335918,-0.1892,6000,0.0,4031017,-0.1892,27000,0.0
Florida,Fort Caroline NMEM,260350,-0.19649999999999998,21695,-0.19649999999999998,0,,260350,-0.19649999999999998,0,
Florida,Fort Matanzas NM,680040,-0.0443,57495,-0.04,0,,689947,-0.04,0,
Florida,Gulf Islands NS,5391021,0.0562,1213876,0.019299999999999998,12336,0.0,14566518,0.019299999999999998,6168,0.0
Florida,Timucuan EHP,997136,0.0393,192766,-0.1016,0,,2313203,-0.1016,0,
Georgia,Andersonville NHS,72925,-0.061900000000000004,12154,-0.061900000000000004,0,,145852,-0.061900000000000004,0,
Georgia,Chattahoochee River NRA,2940804,-0.0761,980267,-0.0761,0,,11763215,-0.0761,0,
Georgia,Chickamauga & Chattanooga NMP,501540,-0.0183,78733,-0.0125,2227106,-0.0016,944800,-0.0125,334066,-0.0016
Georgia,Cumberland Island NS,64706,-0.1234,63892,-0.124,0,,766707,-0.124,0,
Georgia,Fort Frederica NM,243027,-0.1503,20439,-0.1503,1800,0.0,245274,-0.1503,444,0.0
Georgia,Fort Pulaski NM,356993,-0.2032,59521,-0.2034,53563,-0.3079,714256,-0.2034,13390,-0.3079
Georgia,Jimmy Carter NHP,33031,-0.19399999999999998,3334,-0.18460000000000001,0,,40018,-0.1845,0,
Georgia,Kennesaw Mountain NBP,1495856,-0.0022,211836,-0.040999999999999995,34925537,-0.0006,2542038,-0.040999999999999995,5588084,-0.0006
Georgia,"Martin Luther King, Jr. NHP",1159438,1.41,159763,1.6095,0,,1917163,1.6095,0,
Georgia,Ocmulgee Mounds NHP,141905,-0.2157,17738,-0.2157,0,,212858,-0.2157,0,
Guam,War in the Pacific NHP,373974,-0.1,31347,-0.11109999999999999,794,1.3844,376174,-0.11109999999999999,396,1.3571
Hawaii,Haleakala NP,732477,-0.07429999999999999,183241,-0.0953,20160,0.0,2198894,-0.0953,20160,0.0
Hawaii,Hawaii Volcanoes NP,1433593,-0.1152,764915,-0.1057,1881779,0.0016,9178984,-0.1057,620988,0.0016
Hawaii,Kalaupapa NHP,30774,-0.345,5952,-0.30219999999999997,0,,71425,-0.3023,0,
Hawaii,Kaloko Honokohau NHP,351422,0.20190000000000002,63279,0.1962,0,,759353,0.1963,0,
Hawaii,Pearl Harbor NMEM,1588798,-0.061399999999999996,397199,-0.061399999999999996,0,,4766394,-0.061399999999999996,0,
Hawaii,Pu'uhonua o Honaunau NHP,454268,0.33020000000000005,37855,0.33020000000000005,0,,454268,0.33020000000000005,0,
Hawaii,Pu'ukohola Heiau NHS,27507,0.1858,1146,0.1863,234670,-0.0089,13754,0.1859,39097,-0.0089
Idaho,City of Rocks NRES,89949,-0.0229,26337,-0.0191,0,,316045,-0.0191,0,
Idaho,Craters of the Moon NM & PRES,314118,0.2194,74144,0.1779,0,,889737,0.1779,0,
Idaho,Hagerman Fossil Beds NM,39104,0.16920000000000002,4888,0.16940000000000002,0,,58658,0.1693,0,
Idaho,Minidoka NHS,9530,0.052000000000000005,1038,-0.0317,0,,12467,-0.031,0,
Idaho,Nez Perce NHP,342924,-0.0913,23110,-0.054299999999999994,1800,0.0,277331,-0.054299999999999994,180,0.0
Illinois,Emmett Till and Mamie Till-Mobley NM,1754,,36,,0,,438,,0,
Illinois,Lincoln Home NHS,154522,-0.0277,11577,-0.0166,127,0.36560000000000004,138933,-0.0166,502,-0.32530000000000003
Illinois,Pullman NHP,31961,0.09390000000000001,1331,0.09369999999999999,0,,15979,0.09390000000000001,0,
Indiana,George Rogers Clark NHP,166621,0.1444,18605,0.1444,0,,223271,0.1444,0,
Indiana,Indiana Dunes NP,2705209,-0.0219,615094,-0.0361,3943,0.0,7381135,-0.0361,1968,0.0
Indiana,Lincoln Boyhood NMEM,129904,0.0072,12178,0.0072,16200,0.0,146141,0.0072,2700,0.0
Iowa,Effigy Mounds NM,61975,0.0029,12911,0.003,1200,0.0,154941,0.003,204,0.0
Iowa,Herbert Hoover NHS,148031,0.34909999999999997,12335,0.349,1350,-0.925,148031,0.34909999999999997,225,-0.8125
Kansas,Brown v. Board of Education NHP,21919,0.1643,3653,0.16449999999999998,0,,43838,0.1643,0,
Kansas,Fort Larned NHS,26219,0.0040999999999999995,4369,0.0039000000000000003,0,,52438,0.0040999999999999995,0,
Kansas,Fort Scott NHS,24654,-0.0329,3081,-0.033,426,-0.22829999999999998,36981,-0.0329,141,-0.221
Kansas,Nicodemus NHS,7535,0.005699999999999999,549,-0.1202,0,,6594,-0.1199,0,
Kansas,Tallgrass Prairie NPRES,29955,0.040999999999999995,4992,0.0409,0,,59910,0.040999999999999995,0,
Kentucky,Abraham Lincoln Birthplace NHP,249166,0.0384,20763,0.0384,0,,249166,0.0384,0,
Kentucky,Big South Fork NRRA,319636,0.0178,189136,-0.0017000000000000001,0,,2269634,-0.0017000000000000001,0,
Kentucky,Camp Nelson NM,34716,1.1172,2169,1.1161,0,,26036,1.1167,0,
Kentucky,Cumberland Gap NHP,678202,-0.08539999999999999,133643,-0.09230000000000001,5748931,0.0141,1603723,-0.09230000000000001,2874468,0.0141
Kentucky,Mammoth Cave NP,747042,0.14150000000000001,485605,0.1245,110001,-0.0039000000000000003,5827267,0.1245,55002,-0.0039000000000000003
Kentucky,Mill Springs Battlefield NM,8579,-0.062400000000000004,1484,-0.1012,0,,17808,-0.1012,0,
Louisiana,Cane River Creole NHP,12592,0.0761,2098,0.0759,0,,25185,0.0761,0,
Louisiana,Jean Lafitte NHP & PRES,212591,-0.14400000000000002,21937,-0.3344,192000,0.0,263250,-0.3344,90960,0.0
Louisiana,New Orleans Jazz NHP,44943,0.11359999999999999,6447,0.22010000000000002,0,,77365,0.22,0,
Maine,Acadia NP,3961661,0.021099999999999997,2245729,0.0443,47100,0.0,26948748,0.0443,47100,0.0
Maine,Katahdin Woods and Waters NM,35173,-0.08529999999999999,12172,-0.1125,6465,-0.4625,146072,-0.1125,3233,-0.46270000000000006
Maine,Saint Croix Island IHS,13508,0.0866,1407,0.08650000000000001,0,,16886,0.0866,0,
Maryland,Antietam NB,197340,0.2851,33280,0.2028,0,,399365,0.2028,0,
Maryland,Assateague Island NS,1036793,0.33590000000000003,810567,0.46340000000000003,1800,0.5152,9726805,0.46340000000000003,1800,0.5152
Maryland,Catoctin Mountain Park,380681,-0.1198,135549,-0.08070000000000001,248950,0.26539999999999997,1626596,-0.08070000000000001,26260,0.1848
Maryland,Chesapeake & Ohio Canal NHP,3360170,-0.011000000000000001,595825,-0.0137,9024,0.0,7149904,-0.0137,9024,0.0
Maryland,Clara Barton NHS,13334,2.1575,1111,2.1652,0,,13334,2.1575,0,
Maryland,Fort McHenry NM & HS,394175,-0.0832,49272,-0.0832,720,0.0,591264,-0.0832,360,0.0
Maryland,Fort Washington Park,491013,0.0955,159439,0.1025,0,,1913272,0.1025,0,
Maryland,Greenbelt Park,77642,-0.15410000000000001,87158,2.494,0,,1045903,2.494,0,
Maryland,Hampton NHS,12260,-0.161,1532,-0.161,600,0.0,18390,-0.161,600,0.0
Maryland,Harriet Tubman Underground Railroad NHP,17946,0.5679,770,0.6042000000000001,0,,9249,0.6052000000000001,0,
Maryland,Monocacy NB,116520,-0.11789999999999999,20422,-0.1493,90,0.0,245074,-0.1493,250,0.0
Maryland,National Capital Parks East,127112,0.014499999999999999,18064,0.0171,26199300,0.0,216770,0.0171,18759077,0.0
Maryland,Piscataway Park,334260,0.1832,51203,0.1709,0,,614438,0.1709,0,
Maryland,Thomas Stone NHS,4538,-0.21170000000000003,189,-0.20920000000000002,0,,2269,-0.2113,0,
Massachusetts,Adams NHP,45656,0.8097,3733,0.8192,446,-0.525,44806,0.8195999999999999,224,-0.5214
Massachusetts,Boston African American NHS,393386,0.009000000000000001,65564,0.009000000000000001,0,,786772,0.009000000000000001,0,
Massachusetts,Boston Harbor Islands NRA,28157,0.0060999999999999995,586,0.0051,0,,7039,0.0059,0,
Massachusetts,Boston NHP,2744458,0.0902,183454,0.0704,51660,0.0034999999999999996,2201456,0.0704,8784,0.0037
Massachusetts,Cape Cod NS,3823242,0.0039000000000000003,601784,0.0005,29548,0.0,7221409,0.0005,177288,0.0
Massachusetts,Frederick Law Olmsted NHS,13218,0.1104,2203,0.1104,0,,26436,0.1104,0,
Massachusetts,John F. Kennedy NHS,18180,1.222,757,1.2265000000000001,0,,9089,1.2217,0,
Massachusetts,Longfellow House Washington's HQ NHS,51496,-0.2357,6437,-0.23559999999999998,0,,77247,-0.2357,0,
Massachusetts,Lowell NHP,264456,0.0318,34620,0.023700000000000002,149,0.5204,415442,0.0236,224,0.5238
Massachusetts,Minute Man NHP,879316,-0.1219,109914,-0.1219,0,,1318972,-0.1219,0,
Massachusetts,New Bedford Whaling NHP,18330,0.0761,202,-0.06480000000000001,0,,2433,-0.0617,0,
Massachusetts,Salem Maritime NHS,488831,-0.1026,22704,-0.031400000000000004,0,,272448,-0.031400000000000004,0,
Massachusetts,Saugus Iron Works NHS,51921,0.25670000000000004,6489,0.2566,23633,0.12560000000000002,77879,0.25670000000000004,2365,0.12619999999999998
Massachusetts,Springfield Armory NHS,15925,0.013600000000000001,2653,0.0134,0,,31845,0.0134,0,
Michigan,Isle Royale NP,28806,-0.0055000000000000005,129341,0.0178,68,-0.2766,1552101,0.0178,34512,-0.2882
Michigan,Keweenaw NHP,31191,0.0674,3839,0.0599,472,-0.40700000000000003,46071,0.059699999999999996,472,-0.40700000000000003
Michigan,Pictured Rocks NL,953052,0.0462,599774,0.0217,1850,-0.41100000000000003,7197299,0.0217,554,-0.9333
Michigan,River Raisin NBP,240556,-0.0484,40092,-0.0484,0,,481112,-0.0484,0,
Michigan,Sleeping Bear Dunes NL,1670025,0.0449,757065,0.034,0,,9084790,0.034,0,
Minnesota,Grand Portage NM,88931,0.0072,15787,0.015600000000000001,0,,189451,0.015600000000000001,0,
Minnesota,Mississippi NRRA,256133,-0.1309,34643,-0.0842,0,,415719,-0.0842,0,
Minnesota,Pipestone NM,83033,-0.0019,17298,-0.0018,0,,207581,-0.0019,0,
Minnesota,Saint Croix NSR,450413,0.1173,341675,0.046,0,,4100110,0.046,0,
Minnesota,Voyageurs NP,199030,-0.0987,91425,0.1613,0,,1097107,0.1613,0,
Mississippi,Emmett Till and Mamie Till-Mobley NM,1759,,240,,4560,,2884,,7080,
Mississippi,Gulf Islands NS,2410155,-0.24059999999999998,837977,-0.1595,205070,-0.2426,10055729,-0.1595,32812,-0.2426
Mississippi,Medgar and Myrlie Evers Home NM,71554,0.20170000000000002,3093,-0.2579,0,,37127,-0.25780000000000003,0,
Mississippi,Natchez NHP,21520,-0.6481999999999999,5860,-0.5927,0,,70321,-0.5928,0,
Mississippi,Natchez Trace PKWY,5891867,0.0855,1980858,0.0852,7516486,0.0,23770299,0.0852,7516486,0.0
Mississippi,Vicksburg NMP,403332,0.1759,74747,0.18239999999999998,0,,896970,0.18239999999999998,0,
Missouri,Gateway Arch NP,2563052,0.0579,469892,0.0579,0,,5638714,0.0579,0,
Missouri,George Washington Carver NM,39081,0.0483,4233,0.0483,0,,50807,0.0483,0,
Missouri,Harry S Truman NHS,24102,-0.08449999999999999,1358,-0.0959,0,,16303,-0.0956,0,
Missouri,Ozark NSR,1343779,0.0072,301088,-0.035,0,,3613064,-0.035,0,
Missouri,Ste. Genevieve NHP,23893,,832,,180,,9984,,1260,
Missouri,Ulysses S. Grant NHS,44732,0.3529,5591,0.3528,0,,67096,0.3528,0,
Missouri,Wilson's Creek NB,357805,0.1295,59634,0.1295,0,,715612,0.1295,0,
Montana,Big Hole NB,45211,-0.18100000000000002,5243,-0.1729,0,,62924,-0.1728,0,
Montana,Bighorn Canyon NRA,118701,0.0096,41452,0.055,4695,0.0,497424,0.055,2345,0.0
Montana,Glacier NP,3208755,0.09380000000000001,2920641,0.0705,3058,0.1566,35047693,0.0705,26772,0.1703
Montana,Grant-Kohrs Ranch NHS,27479,0.0096,2816,0.009300000000000001,0,,33800,0.0095,0,
Montana,Little Bighorn Battlefield NM,111825,-0.508,9318,-0.5081,976,-0.5341,111826,-0.5081,490,-0.5329
Montana,Yellowstone NP,2419622,0.054000000000000006,2430803,0.0536,22820,-0.1389,29169641,0.0536,91288,-0.1389
Nebraska,Agate Fossil Beds NM,19395,0.2463,4158,0.2646,0,,49907,0.2648,0,
Nebraska,Homestead NHP,52330,0.049800000000000004,7131,0.0535,309319,-0.1033,85573,0.0535,49492,-0.1033
Nebraska,Niobrara NSR,74387,-0.0111,47777,-0.0184,0,,573333,-0.0184,0,
Nebraska,Scotts Bluff NM,183915,0.0554,29119,0.0553,0,,349436,0.0554,0,
Nevada,Death Valley NP,64,0.48840000000000006,29,0.45,0,,355,0.4669,0,
Nevada,Great Basin NP,152068,0.061399999999999996,118456,-0.062,3500,1.9166999999999998,1421472,-0.062,1750,1.9166999999999998
Nevada,Lake Mead NRA,4809640,0.1059,2912947,0.0877,162912,0.0746,34955368,0.0877,977462,0.0745
Nevada,Tule Springs Fossil Beds NM,60431,0.0049,7553,0.0049,0,,90646,0.0049,0,
New Hampshire,Saint-Gaudens NHP,26685,-0.1261,4170,-0.11779999999999999,0,,50046,-0.11779999999999999,0,
New Jersey,Delaware Water Gap NRA,2896630,-0.0304,1030706,-0.018799999999999997,38340,0.0,12368472,-0.018799999999999997,19176,0.0
New Jersey,Gateway NRA,1863221,0.126,525644,0.1304,204480,0.0053,6307728,0.1304,408960,0.0053
New Jersey,Morristown NHP,208138,-0.1333,50424,-0.08779999999999999,0,,605094,-0.08779999999999999,0,
New Jersey,Paterson Great Falls NHP,210741,-0.2468,30369,-0.43770000000000003,0,,364439,-0.43770000000000003,0,
New Jersey,Thomas Edison NHP,34031,0.016399999999999998,3259,0.0146,7937,-0.5157,39116,0.0147,1191,-0.5157
New Mexico,Aztec Ruins NM,40019,-0.1585,5002,-0.1585,159,-0.17190000000000003,60029,-0.15839999999999999,159,-0.17190000000000003
New Mexico,Bandelier NM,213595,0.0706,97119,0.20420000000000002,840,0.0,1165431,0.20420000000000002,216,0.0
New Mexico,Capulin Volcano NM,96078,0.0855,10951,0.0828,654,-0.5759000000000001,131417,0.0828,654,-0.5759000000000001
New Mexico,Carlsbad Caverns NP,460474,0.1684,146558,0.17309999999999998,0,,1758697,0.17309999999999998,0,
New Mexico,Chaco Culture NHP,37840,-0.0587,51883,-0.0040999999999999995,10560,0.0,622606,-0.0040999999999999995,10560,0.0
New Mexico,El Malpais NM,163679,-0.020499999999999997,54559,-0.020499999999999997,720,0.0,654713,-0.020499999999999997,180,0.0
New Mexico,El Morro NM,57827,0.0545,13556,0.04,12100,0.0533,162682,0.04,3994,0.0538
New Mexico,Fort Union NM,9217,-0.0369,906,-0.0362,240,0.0,10876,-0.0368,24,0.0
New Mexico,Gila Cliff Dwellings NM,47378,0.3946,5211,0.2273,0,,62543,0.2273,0,
New Mexico,Manhattan Project NHP,25538,0.263,1114,0.2879,0,,13371,0.2875,0,
New Mexico,Pecos NHP,46726,-0.0785,4972,-0.0787,0,,59674,-0.0786,0,
New Mexico,Petroglyph NM,354534,0.1272,59089,0.1272,0,,709068,0.1272,0,
New Mexico,Salinas Pueblo Missions NM,38106,-0.036699999999999997,6225,-0.0571,0,,74709,-0.057,0,
New Mexico,Valles Caldera NPRES,82111,0.0791,21234,0.0916,763,-0.1408,254818,0.0916,6104,-0.16879999999999998
New Mexico,White Sands NP,702236,-0.0368,116033,-0.0235,0,,1392406,-0.0235,0,
New York,African Burial Ground NM,36007,-0.11779999999999999,1869,-0.0967,0,,22428,-0.0969,0,
New York,Castle Clinton NM,3822759,-0.027200000000000002,159760,-0.026099999999999998,264,0.4194,1917130,-0.026099999999999998,64,0.7297
New York,Eleanor Roosevelt NHS,23699,0.3787,2962,0.379,0,,35547,0.3786,0,
New York,Federal Hall NMEM,63314,-0.1751,4049,-0.21359999999999998,7086,0.24780000000000002,48596,-0.21359999999999998,20117,0.2504
New York,Fire Island NS,303731,0.016,88712,-0.062400000000000004,199041,0.0449,1064551,-0.0625,597123,0.0449
New York,Fort Stanwix NM,79704,-0.0443,9963,-0.0443,0,,119556,-0.0443,0,
New York,Gateway NRA,7065817,0.0022,1504026,-0.009399999999999999,880353,0.11259999999999999,18048313,-0.009399999999999999,1760705,0.11259999999999999
New York,General Grant NMEM,110602,0.3143,4814,0.5524,7693,-0.1583,57770,0.5524,15321,-0.1512
New York,Governors Island NM,63086,0.6314,10514,0.6313,0,,126170,0.6313,0,
New York,Hamilton Grange NMEM,63647,0.30760000000000004,3396,0.2137,65,-0.1975,40755,0.21350000000000002,18,
New York,Home of Franklin D. Roosevelt NHS,123848,0.051399999999999994,15388,0.015300000000000001,0,,184662,0.015300000000000001,0,
New York,Martin Van Buren NHS,17712,0.424,2103,0.2065,0,,25241,0.20679999999999998,0,
New York,Sagamore Hill NHS,130259,-0.008199999999999999,27137,-0.008199999999999999,0,,325648,-0.008199999999999999,0,
New York,Saint Paul's Church NHS,12135,0.044800000000000006,1418,0.063,250,0.0417,17022,0.06309999999999999,188,0.11900000000000001
New York,Saratoga NHP,116537,0.1432,23924,0.1427,77605,-0.003,287095,0.1427,6210,-0.0029
New York,Statue of Liberty NM,3722029,-0.004699999999999999,1395761,-0.004699999999999999,0,,16749132,-0.004699999999999999,0,
New York,Stonewall NM,2302641,1.7653999999999999,175056,1.9032,4813,0.0672,2100672,1.9031,19252,0.0672
New York,Theodore Roosevelt Birthplace NHS,25086,0.2611,2371,0.33799999999999997,123,0.9218999999999999,28453,0.3379,54,0.8
New York,Theodore Roosevelt Inaugural NHS,30141,0.3015,4944,0.44060000000000005,0,,59330,0.4404,0,
New York,Upper Delaware S&RR,188531,0.1522,45174,0.018000000000000002,90134,-0.11019999999999999,542089,0.018000000000000002,7397,-0.1076
New York,Vanderbilt Mansion NHS,406077,0.1999,39785,0.16670000000000001,0,,477428,0.1668,0,
New York,Women's Rights NHP,33691,-0.062400000000000004,2926,-0.0346,1344,0.0,35118,-0.0346,672,0.0
North Carolina,Blue Ridge PKWY,11271170,0.0848,5794935,0.0781,631173,-0.5667,69539222,0.0781,315590,-0.5667
North Carolina,Cape Hatteras NS,2762954,-0.022400000000000003,1290390,-0.0262,141654,-0.023799999999999998,15484685,-0.0262,425297,-0.027200000000000002
North Carolina,Cape Lookout NS,552786,0.043,234725,-0.0095,2160,0.0,2816705,-0.0095,6480,0.0
North Carolina,Carl Sandburg Home NHS,113362,-0.2394,14170,-0.2394,0,,170043,-0.2394,0,
North Carolina,Fort Raleigh NHS,274783,0.0425,29797,-0.0199,1344,0.0,357574,-0.0199,1344,0.0
North Carolina,Great Smoky Mountains NP,2884314,-0.507,945676,-0.737,0,,11348115,-0.737,0,
North Carolina,Guilford Courthouse NMP,461143,0.1393,20827,0.11939999999999999,2011307,0.2198,249934,0.11939999999999999,16696,0.21989999999999998
North Carolina,Moores Creek NB,69079,0.245,3598,0.11699999999999999,0,,43176,0.11699999999999999,0,
North Carolina,Wright Brothers NMEM,406593,-0.039900000000000005,33882,-0.039900000000000005,2190,0.0,406593,-0.039900000000000005,1095,0.0
North Dakota,Fort Union Trading Post NHS,12028,-0.0706,1230,-0.0821,238,-0.385,14768,-0.0816,59,-0.3918
North Dakota,Knife River Indian Villages NHS,10867,0.336,1311,0.335,512,-0.12480000000000001,15737,0.335,257,-0.1229
North Dakota,Theodore Roosevelt NP,732951,-0.018600000000000002,236046,0.064,6578,0.0,2832553,0.064,2172,0.0
Ohio,Charles Young Buffalo Soldiers NM,4716,0.4282,395,0.4364,0,,4742,0.4361,0,
Ohio,Cuyahoga Valley NP,2912454,0.0183,670756,-0.055,0,,8049072,-0.055,0,
Ohio,Dayton Aviation Heritage NHP,87032,-0.0327,10550,0.028300000000000002,0,,126600,0.0282,0,
Ohio,First Ladies NHS,12642,0.1301,2107,0.1304,0,,25284,0.1301,0,
Ohio,Hopewell Culture NHP,65350,0.0521,10891,0.0521,0,,130703,0.0521,0,
Ohio,James A. Garfield NHS,39671,0.08529999999999999,6611,0.0852,0,,79342,0.08529999999999999,0,
Ohio,Perry's Victory & Intl. Peace MEM,91302,-0.10339999999999999,8517,-0.08689999999999999,0,,102209,-0.08689999999999999,0,
Ohio,William Howard Taft NHS,31118,0.011699999999999999,2593,0.011699999999999999,0,,31118,0.011699999999999999,0,
Oklahoma,Chickasaw NRA,1670498,-0.1978,469618,-0.2188,0,,5635423,-0.2188,0,
Oklahoma,Washita Battlefield NHS,12369,0.038900000000000004,2061,0.0388,0,,24738,0.038900000000000004,0,
Oregon,Crater Lake NP,504942,-0.0983,254763,-0.09759999999999999,49600,0.0,3057164,-0.09759999999999999,24800,0.0
Oregon,John Day Fossil Beds NM,122529,-0.275,11844,-0.2751,840,0.0,142134,-0.275,84,0.0
Oregon,Lewis & Clark NHP,267118,-0.061900000000000004,33249,-0.0461,75,-0.25,398993,-0.0461,19,-0.20829999999999999
Oregon,Oregon Caves NM & PRES,94016,1.9342,24105,1.7945,520,0.0,289261,1.7943,1040,0.0
Pennsylvania,Allegheny Portage Railroad NHS,193903,-0.0286,26320,-0.0173,180,0.0,315846,-0.0173,48,0.0
Pennsylvania,Delaware Water Gap NRA,1183130,-0.0304,420992,-0.018799999999999997,15660,0.0,5051912,-0.018799999999999997,7824,0.0
Pennsylvania,Edgar Allan Poe NHS,8131,-0.47450000000000003,677,-0.47479999999999994,0,,8131,-0.47450000000000003,0,
Pennsylvania,Eisenhower NHS,123466,0.2492,16462,0.2492,0,,197546,0.2492,0,
Pennsylvania,First State NHP,16650,0.0011,2693,-0.016399999999999998,62,0.0,32320,-0.0165,496,0.0
Pennsylvania,Flight 93 NMEM,349566,-0.0748,50978,-0.0748,0,,611740,-0.0748,0,
Pennsylvania,Fort Necessity NB,276173,0.1094,32540,0.0931,120,0.0,390488,0.0931,48,0.0
Pennsylvania,Friendship Hill NHS,19465,0.010700000000000001,3735,-0.0331,0,,44820,-0.0332,0,
Pennsylvania,Gettysburg NMP,741574,-0.0008,256028,-0.022799999999999997,74400,0.0,3072342,-0.022799999999999997,12348,0.0
Pennsylvania,Hopewell Furnace NHS,48776,-0.1016,4917,-0.1009,600,0.0,59011,-0.1009,300,0.0
Pennsylvania,Independence NHP,2798651,-0.0802,354354,-0.0755,0,,4252259,-0.0755,0,
Pennsylvania,Johnstown Flood NMEM,95842,-0.3987,8305,-0.4061,0,-1.0,99670,-0.4061,0,-1.0
Pennsylvania,Steamtown NHS,60243,0.0315,7981,0.0742,11592,0.0,95777,0.0741,5796,0.0
Pennsylvania,Thaddeus Kosciuszko NMEM,2336,0.053200000000000004,48,0.0435,0,,583,0.050499999999999996,0,
Pennsylvania,Upper Delaware S&RR,188531,0.1522,45174,0.018000000000000002,90134,-0.11019999999999999,542089,0.018000000000000002,7397,-0.1076
Pennsylvania,Valley Forge NHP,1866480,-0.0075,311079,-0.0075,0,,3732958,-0.0075,0,
Puerto Rico,San Juan NHS,1329728,0.0113,210222,0.0149,0,,2522670,0.0149,0,
Rhode Island,Roger Williams NMEM,43242,0.14679999999999999,4550,0.2095,52698,0.1456,54611,0.2096,4214,0.1451
South Carolina,Charles Pinckney NHS,30903,-0.037599999999999995,5150,-0.037599999999999995,0,,61810,-0.0375,0,
South Carolina,Congaree NP,242049,-0.0322,81537,-0.021,0,,978448,-0.021,0,
South Carolina,Cowpens NB,156287,-0.3096,12165,-0.2754,0,,145990,-0.2754,0,
South Carolina,Fort Sumter and Fort Moultrie NHP,384308,-0.0666,73877,-0.0684,502633,-0.0121,886532,-0.0684,251315,-0.012
South Carolina,Kings Mountain NMP,182463,-0.1679,8235,-0.12890000000000001,181218,-0.1565,98826,-0.12890000000000001,30190,-0.1566
South Carolina,Ninety Six NHS,101352,-0.1426,10557,-0.1426,0,,126691,-0.1426,0,
South Carolina,Reconstruction Era NHP,23378,-0.0174,721,-0.030899999999999997,2897,0.001,8652,-0.031200000000000002,3621,0.0008
South Dakota,Badlands NP,1094245,0.045700000000000005,395067,0.0728,55984,0.0,4740810,0.0728,27992,0.0
South Dakota,Jewel Cave NM,145332,0.19579999999999997,34465,0.1744,0,-1.0,413580,0.1744,0,-1.0
South Dakota,Minuteman Missile NHS,118108,0.0202,7366,-0.0024,0,,88397,-0.0024,0,
South Dakota,Missouri NRR,153521,0.32130000000000003,12793,0.32130000000000003,0,,153521,0.32130000000000003,0,
South Dakota,Mount Rushmore NMEM,1850329,-0.2389,203021,-0.2389,640791,-0.2325,2436254,-0.2389,213595,-0.2325
South Dakota,Wind Cave NP,489399,-0.174,115482,-0.24109999999999998,207405,-0.1245,1385793,-0.24109999999999998,68443,-0.1245
Tennessee,Andrew Johnson NHS,55270,-0.09519999999999999,2192,-0.06280000000000001,0,,26307,-0.06280000000000001,0,
Tennessee,Big South Fork NRRA,459965,0.0178,272171,-0.0017000000000000001,0,,3266057,-0.0017000000000000001,0,
Tennessee,Chickamauga & Chattanooga NMP,501540,-0.0183,78733,-0.0125,0,,944800,-0.0125,0,
Tennessee,Fort Donelson NB,166026,-0.0774,9214,-0.07780000000000001,434049,-0.004,110573,-0.07780000000000001,14323,-0.004
Tennessee,Great Smoky Mountains NP,9307519,0.24989999999999998,3045896,-0.3346,10832000,0.0,36550759,-0.3346,5416000,0.0
Tennessee,Manhattan Project NHP,29511,0.2828,2200,0.1446,0,,26404,0.14429999999999998,0,
Tennessee,Natchez Trace PKWY,957428,0.0855,321889,0.0852,1221431,0.0,3862674,0.0852,1221431,0.0
Tennessee,Obed W&SR,261732,-0.0617,94758,-0.0576,10800,0.0,1137102,-0.0576,900,0.0
Tennessee,Shiloh NMP,386152,0.0388,44592,0.0525,169205,-0.0501,535109,0.0525,33840,-0.0501
Tennessee,Stones River NB,446160,0.3147,52889,0.4171,1440,-0.0144,634671,0.4171,240,-0.0805
Texas,Alibates Flint Quarries NM,8558,0.4249,1783,0.4253,0,,21396,0.425,0,
Texas,Amistad NRA,832294,-0.0053,514234,-0.0023,0,-1.0,6170815,-0.0023,0,-1.0
Texas,Big Bend NP,561458,0.10279999999999999,945102,0.18309999999999998,2700,0.0,11341233,0.18309999999999998,8100,0.0
Texas,Big Thicket NPRES,271823,0.0344,65152,0.0159,0,,781830,0.0159,0,
Texas,Chamizal NMEM,6627,-0.2039,567,-0.1818,110915,0.045899999999999996,6809,-0.182,388200,0.045899999999999996
Texas,Fort Davis NHS,42553,0.0588,7091,0.0588,193,-0.11869999999999999,85102,0.0588,478,0.5828
Texas,Guadalupe Mountains NP,226134,-0.0053,52143,-0.0302,1440,0.0,625727,-0.0302,1440,0.0
Texas,Lake Meredith NRA,1212905,-0.0933,607002,0.8695999999999999,0,,7284030,0.8695999999999999,0,
Texas,Lyndon B. Johnson NHP,119278,0.0039000000000000003,29693,-0.0353,0,,356327,-0.0353,0,
Texas,Padre Island NS,514722,-0.0687,283963,-0.1108,1800,0.0,3407559,-0.1108,14400,0.0
Texas,Palo Alto Battlefield NHP,178946,0.1153,19527,0.11109999999999999,0,,234333,0.11109999999999999,0,
Texas,Rio Grande W&SR,172,-0.4267,2184,-0.47729999999999995,0,,26208,-0.47729999999999995,0,
Texas,San Antonio Missions NHP,1278777,0.08289999999999999,151844,0.1448,0,,1822131,0.1448,0,
Texas,Waco Mammoth NM,111961,0.141,11921,0.1739,56,-0.8,143060,0.1739,56,-0.8
Utah,Arches NP,1466528,-0.0105,815192,0.7907,7459,,9782311,0.7907,25856,
Utah,Bryce Canyon NP,2498075,0.015,1116352,0.013999999999999999,408146,-0.0006,13396234,0.013999999999999999,122443,-0.0006
Utah,Canyonlands NP,818492,0.0227,433003,0.0195,0,,5196036,0.0195,0,
Utah,Capitol Reef NP,1422490,0.1211,129047,-0.1972,99342,0.1304,1548574,-0.1972,99342,0.1304
Utah,Cedar Breaks NM,722834,0.17670000000000002,132041,0.2141,8991,0.10310000000000001,1584499,0.2141,17982,0.10300000000000001
Utah,Dinosaur NM,83749,-0.013500000000000002,45067,-0.0327,732,0.0,540804,-0.0327,732,0.0
Utah,Glen Canyon NRA,3582708,-0.1188,2109265,-0.3091,3171,-0.2241,25311185,-0.3091,38071,-0.2237
Utah,Golden Spike NHP,55285,0.042800000000000005,10758,0.0405,31000,0.0,129099,0.0405,15500,0.0
Utah,Hovenweep NM,17624,-0.1067,6072,0.1747,168,0.0,72868,0.1746,36,0.0
Utah,Natural Bridges NM,75680,-0.0965,48017,0.1861,800,0.0,576213,0.1861,400,0.0
Utah,Rainbow Bridge NM,17488,104.98790000000001,1457,111.07690000000001,0,,17488,104.98790000000001,0,
Utah,Timpanogos Cave NM,114034,-0.054900000000000004,19950,0.0033,0,,239404,0.0033,0,
Utah,Zion NP,4946592,0.0699,2607505,0.0617,21900,0.0,31290065,0.0617,5475,0.0
Vermont,Marsh-Billings-Rockefeller NHP,81713,0.1381,13618,0.1381,0,,163426,0.1381,0,
Virgin Islands,Buck Island Reef NM,42289,-0.0848,20516,-0.0683,0,,246199,-0.0683,0,
Virgin Islands,Christiansted NHS,124539,0.16210000000000002,5471,0.1278,0,,65660,0.12789999999999999,0,
Virgin Islands,Salt River Bay NHP & Ecological Pres,13185,-0.0398,2821,-0.016399999999999998,0,,33863,-0.016399999999999998,0,
Virgin Islands,Virgin Islands NP,423029,0.2309,216801,0.2309,217556,-0.0592,2601620,0.2309,67646,-0.0375
Virginia,Appomattox Court House NHP,83769,-0.0891,10138,-0.0891,0,,121665,-0.0891,0,
Virginia,Arlington House The R.E. Lee MEM,447641,0.0678,18651,0.0678,0,,223820,0.0678,0,
Virginia,Assateague Island NS,1245707,-0.2095,823118,-0.2681,1800,-0.25370000000000004,9877425,-0.2681,1800,-0.25370000000000004
Virginia,Blue Ridge PKWY,5462466,-0.1422,2783365,-0.1551,379050,-0.2194,33400390,-0.1551,189522,-0.2194
Virginia,Booker T. Washington NM,24209,-0.15689999999999998,2160,-0.17370000000000002,84,0.0,25927,-0.17350000000000002,12,0.0
Virginia,Colonial NHP,2551228,-0.052300000000000006,222448,-0.0519,1463616,0.002,2669377,-0.0519,731808,0.002
Virginia,Cumberland Gap NHP,51047,-0.08539999999999999,10059,-0.09230000000000001,432715,0.0141,120709,-0.09230000000000001,216358,0.0141
Virginia,Fredericksburg & Spotsylvania NMP,818533,-0.031200000000000002,32735,0.0049,1485261,0.045700000000000005,392829,0.0049,167428,0.022400000000000003
Virginia,George Washington Birthplace NM,58983,-0.4033,14768,-0.4103,7200,0.0,177217,-0.4103,7200,0.0
Virginia,George Washington MEM PKWY,6782717,-0.0823,772422,-0.0774,35358148,0.0174,9269075,-0.0774,17679074,0.0174
Virginia,LBJ Memorial Grove on the Potomac,241358,-0.0729,10056,-0.0729,0,,120679,-0.0729,0,
Virginia,Maggie L. Walker NHS,6310,-0.0113,788,-0.0113,0,,9465,-0.011200000000000002,0,
Virginia,Manassas NBP,541965,-0.0406,33872,-0.0406,480,0.0,406475,-0.0406,84,0.0
Virginia,Petersburg NB,191623,0.0489,16431,0.0652,423798,0.04650000000000001,197175,0.0652,105947,0.04650000000000001
Virginia,Prince William Forest Park,355196,0.20149999999999998,302915,0.268,120,0.0,3634988,0.268,240,0.0
Virginia,Richmond NBP,156538,-0.0745,21798,-0.0775,125379,-0.1368,261584,-0.0775,31344,-0.1368
Virginia,Shenandoah NP,1720211,0.0915,870952,-0.0425,10962,0.0,10451424,-0.0425,2742,0.0
Virginia,Theodore Roosevelt Island,174954,0.1431,26243,0.1431,0,,314919,0.1431,0,
Virginia,Wolf Trap NP for the Performing Arts,447863,-0.08410000000000001,149287,-0.08410000000000001,0,,1791452,-0.08410000000000001,0,
Washington,Fort Vancouver NHS,1007756,0.0415,89662,0.03,900,-0.7659,1075953,0.03,7200,-0.7659
Washington,Klondike Gold Rush NHP Seattle,81652,0.13419999999999999,11907,0.13419999999999999,0,,142890,0.13419999999999999,0,
Washington,Lake Chelan NRA,30815,-0.2183,30622,-0.3924,0,,367464,-0.3924,0,
Washington,Lake Roosevelt NRA,1091489,-0.0429,345585,-0.0282,1200,0.0,4147026,-0.0282,600,0.0
Washington,Manhattan Project NHP,19644,0.1642,5763,0.2161,0,,69159,0.2161,0,
Washington,Minidoka NHS,12495,0.34380000000000005,2082,0.34409999999999996,0,,24990,0.34380000000000005,0,
Washington,Mount Rainier NP,1620006,-0.032400000000000005,1637817,-0.0668,870722,0.0255,19653806,-0.0668,870722,0.0255
Washington,North Cascades NP,16485,-0.5915,25522,-0.4241,0,,306273,-0.4241,0,
Washington,Olympic NP,3717267,0.2612,1370970,0.0616,1086478,0.039599999999999996,16451648,0.0616,356532,0.0582
Washington,Ross Lake NRA,971173,0.1013,295926,0.0983,720,0.0,3551117,0.0983,720,0.0
Washington,San Juan Island NHP,405925,-0.1137,56309,-0.09699999999999999,74023,0.0,675713,-0.0971,18508,0.0
Washington,Whitman Mission NHS,61331,0.2985,5110,0.2983,0,-1.0,61331,0.2985,0,-1.0
West Virginia,Bluestone NSR,7327,-0.6607,1526,-0.6607,0,,18319,-0.6606000000000001,0,
West Virginia,Gauley River NRA,272898,0.4576,127421,0.3893,0,,1529054,0.3893,0,
West Virginia,Harpers Ferry NHP,488049,0.1421,162683,0.1421,0,,1952200,0.1421,0,
West Virginia,New River Gorge NP & PRES,1811937,0.0613,389227,0.050300000000000004,2400,0.0,4670726,0.050300000000000004,4800,0.0
Wisconsin,Apostle Islands NL,253703,0.0264,70843,-0.0141,0,,850121,-0.0141,0,
Wisconsin,Ice Age National Scenic Trail,29711,,2475,,0,,29711,,0,
Wisconsin,Saint Croix NSR,450413,0.1173,341675,0.046,0,,4100110,0.046,0,
Wyoming,Bighorn Canyon NRA,101115,0.0096,35311,0.055,2205,0.0,423732,0.055,1099,0.0
Wyoming,Devils Tower NM,540890,0.0581,119124,0.092,2347,-0.004699999999999999,1429497,0.092,1172,-0.0059
Wyoming,Fort Laramie NHS,44045,-0.066,5707,-0.061500000000000006,0,,68493,-0.061500000000000006,0,
Wyoming,Fossil Butte NM,21491,0.1091,2974,0.205,250,0.11109999999999999,35697,0.20489999999999997,213,0.2102
Wyoming,Grand Teton NP,3628222,0.061799999999999994,1866580,0.0268,1528765,-0.0268,22398968,0.0268,1528765,-0.0268
Wyoming,"John D. Rockefeller, Jr. MEM PKWY",1459804,0.055999999999999994,192781,0.0525,10800,0.0,2313382,0.0525,2700,0.0
Wyoming,Yellowstone NP,2324734,0.054000000000000006,4839372,0.0756,1222612,-0.0451,58072469,0.0756,614764,-0.049
